,site,execution_time,IP
0,google.com,0.062157392501831055,142.250.65.238
1,youtube.com,0.06114053726196289,142.251.35.174
2,tmall.com,0.11975407600402832,140.205.94.193
3,baidu.com,5.4883129596710205,220.181.38.251
4,qq.com,0.3162240982055664,123.151.137.18
5,sohu.com,0.26856517791748047,211.159.191.77
6,facebook.com,0.0418848991394043,157.240.241.35
7,taobao.com,0.10703325271606445,140.205.220.96
8,360.cn,2.7124440670013428,36.99.170.84
9,jd.com,0.9674520492553711,118.193.98.63
10,amazon.com,5.405454635620117,176.32.103.205
11,yahoo.com,0.052495479583740234,98.137.11.163
12,wikipedia.org,0.08993744850158691,208.80.154.224
13,weibo.com,0.28195905685424805,36.51.254.228
14,sina.com.cn,0.491424560546875,49.7.37.133
15,zoom.us,0.34763431549072266,52.202.62.206
16,xinhuanet.com,13.188767671585083,202.108.119.194
17,live.com,0.050159454345703125,204.79.197.212
18,netflix.com,0.06031060218811035,3.230.129.93
19,reddit.com,0.05885434150695801,151.101.193.140
20,instagram.com,0.06217145919799805,31.13.65.174
21,microsoft.com,0.04638266563415527,104.215.148.63
22,office.com,0.05312967300415039,13.107.6.156
23,google.com.hk,0.5517399311065674,142.250.80.3
24,panda.tv,1.0842580795288086,185.199.111.153
